relationship_id,hier_id,level,parent,child,start,end
1,1,1,0,10005,2026-01-01T00:00:00,
2,1,2,10005,10010,2026-01-01T00:00:00,
3,1,3,10010,10040,2026-01-01T00:00:00,
4,1,4,10040,10090,2026-01-01T00:00:00,
5,1,5,10090,10175,2026-01-01T00:00:00,
6,1,6,10175,10313,2026-01-01T00:00:00,
7,1,7,10313,10366,2026-01-01T00:00:00,
8,1,7,10313,20001,2026-01-01T00:00:00,
9,1,7,10313,20002,2026-01-01T00:00:00,
10,1,7,10313,20003,2026-01-01T00:00:00,
11,1,7,10313,20004,2026-01-01T00:00:00,
12,1,1,0,10006,2026-09-30T00:00:00,
13,1,2,10004,10368,2026-09-30T00:00:00,
14,1,1,0,10004,2026-09-30T00:00:00,
15,2,1,0,10004,2026-09-30T00:00:00,
16,2,1,0,10005,2026-09-30T00:00:00,
17,2,2,10004,10363,2026-09-30T00:00:00,
18,2,2,10005,10233,2026-09-30T00:00:00,
19,3,2,10063,10162,2026-09-30T00:00:00,
20,5,1,0,10004,2026-09-30T00:00:00,2026-10-01T00:00:00
21,5,2,10004,10016,2026-09-30T00:00:00,2026-10-01T00:00:00
22,5,2,10004,10368,2026-09-30T00:00:00,2026-10-01T00:00:00
23,5,3,10368,10048,2026-09-30T00:00:00,2026-10-01T00:00:00
24,5,4,10048,10064,2026-09-30T00:00:00,2026-10-01T00:00:00
25,5,1,0,10006,2026-09-30T00:00:00,2026-10-01T00:00:00
26,5,1,0,10001,2026-10-01T00:00:00,
27,5,1,0,10003,2026-10-01T00:00:00,
